"COM";"Région";"Commune";"PTOT";"Médecin généraliste";"Masseur kinésithérapeute";"Pédicure-podologue";"Diététicien";"LIBGEO";"Boulodrome";"Tennis";"Athlétisme";"Plateaux et terrains de jeux extérieurs";"Salles spécialisées";"Terrains de grands jeux";"Salles de combat";"Salles de remise en forme";"Salles multisports (gymnase)"
"01004";"Auvergne-Rhône-Alpes";"Ambérieu-en-Bugey";"15240";"24";"24";"6";"2";"Ambérieu-en-Bugey";"4";"2";"2";"1";"5";"1";"2";"0";"5"
"01033";"Auvergne-Rhône-Alpes";"Valserhône";"16611";"12";"14";"5";"2";"Valserhône";"8";"2";"0";"8";"5";"4";"3";"4";"4"
"01143";"Auvergne-Rhône-Alpes";"Divonne-les-Bains";"10353";"9";"9";"5";"0";"Divonne-les-Bains";"1";"3";"1";"4";"1";"2";"1";"1";"1"
"01160";"Auvergne-Rhône-Alpes";"Ferney-Voltaire";"11093";"9";"10";"4";"2";"Ferney-Voltaire";"2";"1";"0";"4";"1";"1";"1";"0";"1"
"01173";"Auvergne-Rhône-Alpes";"Gex";"13391";"8";"6";"5";"1";"Gex";"1";"2";"0";"1";"2";"3";"0";"0";"3"
"01249";"Auvergne-Rhône-Alpes";"Miribel";"10375";"10";"9";"4";"0";"Miribel";"4";"2";"1";"3";"2";"5";"2";"0";"3"
"01354";"Auvergne-Rhône-Alpes";"Saint-Genis-Pouilly";"14764";"8";"6";"3";"2";"Saint-Genis-Pouilly";"1";"3";"2";"4";"1";"6";"1";"2";"1"
"02168";"Hauts-de-France";"Château-Thierry";"15513";"20";"12";"7";"2";"Château-Thierry";"3";"1";"3";"7";"1";"0";"3";"8";"5"
"02173";"Hauts-de-France";"Chauny";"11899";"9";"9";"1";"1";"Chauny";"1";"1";"1";"5";"3";"6";"1";"2";"4"
"02738";"Hauts-de-France";"Tergnier";"13646";"6";"9";"2";"0";"Tergnier";"7";"2";"2";"3";"1";"4";"2";"3";"3"
"02810";"Hauts-de-France";"Villers-Cotterêts";"10869";"8";"8";"4";"2";"Villers-Cotterêts";"7";"2";"2";"3";"0";"3";"2";"1";"4"
"03095";"Auvergne-Rhône-Alpes";"Cusset";"13371";"12";"24";"7";"1";"Cusset";"2";"1";"2";"4";"1";"4";"1";"1";"5"
"03190";"Auvergne-Rhône-Alpes";"Moulins";"19869";"30";"21";"9";"3";"Moulins";"2";"1";"1";"0";"6";"3";"4";"3";"8"
"03321";"Auvergne-Rhône-Alpes";"Yzeure";"13122";"5";"18";"3";"2";"Yzeure";"4";"4";"1";"3";"3";"6";"1";"3";"5"
"04070";"Provence-Alpes-Côte d'Azur";"Digne-les-Bains";"18124";"22";"36";"7";"3";"Digne-les-Bains";"3";"2";"2";"10";"7";"6";"1";"1";"5"
"05023";"Provence-Alpes-Côte d'Azur";"Briançon";"10875";"15";"51";"4";"2";"Briançon";"2";"1";"2";"4";"3";"1";"1";"4";"3"
"06012";"Provence-Alpes-Côte d'Azur";"Beausoleil";"12796";"27";"46";"6";"2";"Beausoleil";"4";"1";"1";"0";"1";"1";"2";"0";"3"
"06018";"Provence-Alpes-Côte d'Azur";"Biot";"10189";"9";"27";"1";"2";"Biot";"2";"1";"0";"2";"0";"1";"1";"0";"1"
"06033";"Provence-Alpes-Côte d'Azur";"Carros";"13419";"6";"20";"1";"2";"Carros";"4";"1";"1";"6";"1";"1";"1";"0";"2"
"06084";"Provence-Alpes-Côte d'Azur";"Mouans-Sartoux";"10720";"13";"25";"2";"3";"Mouans-Sartoux";"1";"1";"2";"3";"2";"1";"1";"1";"1"
"06104";"Provence-Alpes-Côte d'Azur";"Roquebrune-Cap-Martin";"12535";"12";"20";"4";"2";"Roquebrune-Cap-Martin";"6";"1";"0";"4";"2";"1";"0";"1";"1"
"06149";"Provence-Alpes-Côte d'Azur";"La Trinité";"10344";"13";"22";"1";"1";"La Trinité";"2";"0";"0";"4";"1";"4";"0";"0";"1"
"06152";"Provence-Alpes-Côte d'Azur";"Valbonne";"13164";"25";"38";"2";"1";"Valbonne";"1";"3";"1";"3";"4";"3";"2";"0";"1"
"06157";"Provence-Alpes-Côte d'Azur";"Vence";"19678";"22";"42";"7";"4";"Vence";"3";"2";"1";"4";"1";"1";"2";"0";"1"
"06161";"Provence-Alpes-Côte d'Azur";"Villeneuve-Loubet";"16995";"11";"27";"3";"2";"Villeneuve-Loubet";"2";"0";"1";"2";"2";"3";"1";"4";"1"
"07010";"Auvergne-Rhône-Alpes";"Annonay";"17439";"15";"10";"4";"3";"Annonay";"4";"2";"2";"7";"4";"3";"2";"0";"4"
"07019";"Auvergne-Rhône-Alpes";"Aubenas";"13140";"12";"19";"7";"4";"Aubenas";"1";"1";"1";"2";"5";"2";"1";"0";"4"
"07102";"Auvergne-Rhône-Alpes";"Guilherand-Granges";"11389";"19";"17";"6";"2";"Guilherand-Granges";"2";"3";"1";"3";"2";"3";"2";"0";"2"
"07324";"Auvergne-Rhône-Alpes";"Tournon-sur-Rhône";"11769";"7";"15";"3";"0";"Tournon-sur-Rhône";"1";"1";"1";"1";"2";"2";"2";"0";"2"
"08409";"Grand Est";"Sedan";"16941";"14";"19";"5";"3";"Sedan";"2";"2";"1";"5";"2";"4";"6";"6";"8"
"09225";"Occitanie";"Pamiers";"16907";"15";"19";"9";"1";"Pamiers";"2";"2";"3";"6";"2";"5";"1";"2";"10"
"10081";"Grand Est";"La Chapelle-Saint-Luc";"12374";"14";"4";"2";"0";"La Chapelle-Saint-Luc";"1";"2";"3";"7";"4";"6";"2";"1";"5"
"10323";"Grand Est";"Romilly-sur-Seine";"15081";"8";"11";"5";"2";"Romilly-sur-Seine";"1";"2";"2";"4";"5";"3";"3";"3";"4"
"10333";"Grand Est";"Saint-André-les-Vergers";"12952";"10";"10";"5";"2";"Saint-André-les-Vergers";"0";"1";"1";"0";"3";"3";"1";"2";"1"
"10362";"Grand Est";"Sainte-Savine";"10855";"6";"15";"2";"1";"Sainte-Savine";"1";"1";"1";"0";"3";"1";"1";"1";"3"
"11076";"Occitanie";"Castelnaudary";"12974";"11";"23";"5";"3";"Castelnaudary";"3";"2";"2";"3";"3";"3";"3";"4";"3"
"11203";"Occitanie";"Lézignan-Corbières";"11167";"7";"20";"7";"2";"Lézignan-Corbières";"2";"2";"2";"3";"3";"4";"4";"3";"4"
"11206";"Occitanie";"Limoux";"10750";"13";"20";"4";"3";"Limoux";"5";"2";"1";"4";"5";"4";"4";"5";"2"
"12176";"Occitanie";"Onet-le-Château";"12468";"4";"15";"2";"1";"Onet-le-Château";"4";"6";"2";"5";"4";"5";"3";"1";"3"
"12300";"Occitanie";"Villefranche-de-Rouergue";"12207";"11";"10";"6";"3";"Villefranche-de-Rouergue";"2";"2";"1";"2";"2";"4";"0";"4";"2"
"13007";"Provence-Alpes-Côte d'Azur";"Auriol";"12990";"11";"20";"2";"3";"Auriol";"2";"1";"0";"2";"1";"1";"2";"1";"1"
"13014";"Provence-Alpes-Côte d'Azur";"Berre-l'Étang";"13983";"9";"8";"1";"0";"Berre-l'Étang";"2";"2";"1";"5";"2";"5";"1";"0";"2"
"13015";"Provence-Alpes-Côte d'Azur";"Bouc-Bel-Air";"15501";"18";"38";"6";"1";"Bouc-Bel-Air";"0";"2";"0";"3";"3";"1";"1";"1";"3"
"13019";"Provence-Alpes-Côte d'Azur";"Cabriès";"10399";"8";"22";"3";"2";"Cabriès";"2";"3";"1";"2";"3";"1";"1";"1";"1"
"13026";"Provence-Alpes-Côte d'Azur";"Châteauneuf-les-Martigues";"17986";"10";"22";"4";"0";"Châteauneuf-les-Martigues";"2";"3";"1";"3";"3";"3";"1";"1";"4"
"13027";"Provence-Alpes-Côte d'Azur";"Châteaurenard";"16925";"11";"16";"3";"2";"Châteaurenard";"1";"1";"1";"3";"3";"3";"1";"3";"1"
"13039";"Provence-Alpes-Côte d'Azur";"Fos-sur-Mer";"15658";"16";"11";"4";"1";"Fos-sur-Mer";"5";"3";"1";"7";"0";"5";"2";"3";"4"
"13040";"Provence-Alpes-Côte d'Azur";"Fuveau";"10315";"10";"19";"2";"5";"Fuveau";"1";"3";"0";"3";"2";"1";"2";"1";"1"
"13043";"Provence-Alpes-Côte d'Azur";"Gignac-la-Nerthe";"10179";"9";"9";"2";"1";"Gignac-la-Nerthe";"1";"1";"0";"1";"2";"1";"2";"1";"2"
"13050";"Provence-Alpes-Côte d'Azur";"Lambesc";"10245";"10";"19";"2";"1";"Lambesc";"1";"1";"0";"2";"1";"2";"1";"0";"1"
"13069";"Provence-Alpes-Côte d'Azur";"Pélissanne";"10797";"8";"17";"3";"3";"Pélissanne";"1";"2";"1";"1";"0";"3";"0";"1";"1"
"13075";"Provence-Alpes-Côte d'Azur";"Plan-de-Cuques";"11483";"11";"22";"5";"0";"Plan-de-Cuques";"0";"1";"0";"1";"1";"3";"2";"2";"1"
"13077";"Provence-Alpes-Côte d'Azur";"Port-de-Bouc";"16276";"11";"8";"1";"1";"Port-de-Bouc";"1";"2";"1";"1";"1";"4";"2";"1";"6"
"13081";"Provence-Alpes-Côte d'Azur";"Rognac";"12287";"8";"18";"4";"0";"Rognac";"3";"2";"1";"7";"2";"4";"2";"1";"3"
"13097";"Provence-Alpes-Côte d'Azur";"Saint-Martin-de-Crau";"14027";"11";"8";"2";"3";"Saint-Martin-de-Crau";"1";"1";"1";"6";"4";"3";"1";"0";"5"
"13106";"Provence-Alpes-Côte d'Azur";"Septèmes-les-Vallons";"11812";"13";"26";"5";"0";"Septèmes-les-Vallons";"2";"3";"2";"5";"1";"2";"1";"1";"0"
"13108";"Provence-Alpes-Côte d'Azur";"Tarascon";"15562";"3";"16";"3";"1";"Tarascon";"1";"2";"2";"2";"2";"5";"3";"1";"3"
"13110";"Provence-Alpes-Côte d'Azur";"Trets";"10865";"15";"24";"3";"3";"Trets";"1";"2";"0";"1";"2";"2";"2";"1";"2"
"14047";"Normandie";"Bayeux";"13108";"20";"19";"6";"4";"Bayeux";"1";"1";"2";"3";"1";"5";"1";"1";"3"
"14341";"Normandie";"Ifs";"12217";"10";"9";"4";"0";"Ifs";"3";"1";"0";"3";"2";"5";"2";"0";"4"
"14437";"Normandie";"Mondeville";"10301";"10";"13";"4";"2";"Mondeville";"2";"3";"3";"8";"3";"7";"1";"3";"3"
"14762";"Normandie";"Vire Normandie";"17936";"17";"15";"3";"2";"Vire Normandie";"5";"3";"2";"3";"3";"12";"3";"1";"6"
"16102";"Nouvelle-Aquitaine";"Cognac";"18851";"15";"20";"3";"2";"Cognac";"2";"1";"3";"10";"4";"5";"4";"1";"5"
"16374";"Nouvelle-Aquitaine";"Soyaux";"10310";"3";"11";"5";"1";"Soyaux";"2";"1";"1";"4";"1";"6";"1";"0";"4"
"17306";"Nouvelle-Aquitaine";"Royan";"19568";"30";"34";"10";"6";"Royan";"3";"3";"2";"3";"5";"3";"3";"3";"7"
"19272";"Nouvelle-Aquitaine";"Tulle";"14653";"14";"17";"4";"2";"Tulle";"4";"2";"2";"5";"3";"3";"1";"6";"6"
"21166";"Bourgogne-Franche-Comté";"Chenôve";"14612";"49";"24";"4";"2";"Chenôve";"1";"1";"2";"9";"3";"3";"1";"3";"5"
"21171";"Bourgogne-Franche-Comté";"Chevigny-Saint-Sauveur";"11158";"12";"17";"4";"0";"Chevigny-Saint-Sauveur";"1";"3";"0";"6";"2";"2";"3";"1";"3"
"21617";"Bourgogne-Franche-Comté";"Talant";"12107";"13";"29";"3";"0";"Talant";"1";"3";"0";"2";"1";"2";"1";"1";"2"
"22050";"Bretagne";"Dinan";"15231";"12";"22";"7";"1";"Dinan";"1";"3";"2";"2";"2";"6";"1";"1";"5"
"22093";"Bretagne";"Lamballe-Armor";"17327";"15";"22";"7";"3";"Lamballe-Armor";"10";"3";"3";"5";"3";"11";"4";"3";"7"
"22136";"Bretagne";"Loudéac";"10084";"7";"8";"3";"0";"Loudéac";"3";"3";"2";"2";"3";"4";"2";"1";"4"
"22187";"Bretagne";"Plérin";"15189";"16";"28";"6";"1";"Plérin";"9";"2";"1";"5";"2";"2";"2";"5";"3"
"22215";"Bretagne";"Ploufragan";"11701";"7";"10";"2";"0";"Ploufragan";"3";"2";"1";"6";"6";"6";"1";"2";"5"
"23096";"Nouvelle-Aquitaine";"Guéret";"13453";"12";"13";"4";"1";"Guéret";"4";"3";"3";"9";"4";"7";"1";"3";"6"
"24053";"Nouvelle-Aquitaine";"Boulazac Isle Manoire";"11044";"8";"11";"1";"0";"Boulazac Isle Manoire";"2";"2";"1";"5";"3";"6";"2";"1";"2"
"25031";"Bourgogne-Franche-Comté";"Audincourt";"14179";"14";"12";"3";"0";"Audincourt";"1";"1";"2";"0";"5";"5";"2";"3";"4"
"25462";"Bourgogne-Franche-Comté";"Pontarlier";"18716";"18";"32";"8";"2";"Pontarlier";"3";"1";"2";"7";"4";"7";"3";"0";"9"
"25580";"Bourgogne-Franche-Comté";"Valentigney";"10956";"8";"2";"1";"0";"Valentigney";"1";"1";"0";"4";"3";"3";"2";"1";"5"
"26235";"Auvergne-Rhône-Alpes";"Pierrelatte";"14056";"7";"9";"2";"2";"Pierrelatte";"2";"1";"2";"3";"2";"4";"2";"1";"5"
"26252";"Auvergne-Rhône-Alpes";"Portes-lès-Valence";"10583";"6";"16";"2";"1";"Portes-lès-Valence";"3";"1";"0";"4";"4";"1";"2";"2";"2"
"27284";"Normandie";"Gisors";"12117";"11";"12";"6";"1";"Gisors";"2";"1";"1";"2";"1";"3";"2";"1";"3"
"27375";"Normandie";"Louviers";"18724";"15";"7";"4";"1";"Louviers";"2";"0";"1";"7";"2";"2";"2";"3";"6"
"27467";"Normandie";"Pont-Audemer";"10110";"14";"15";"3";"2";"Pont-Audemer";"2";"1";"1";"1";"2";"3";"2";"4";"4"
"27701";"Normandie";"Val-de-Reuil";"12930";"10";"1";"1";"1";"Val-de-Reuil";"4";"1";"4";"6";"2";"5";"2";"1";"5"
"28088";"Centre-Val de Loire";"Châteaudun";"13224";"8";"10";"5";"2";"Châteaudun";"4";"4";"3";"7";"5";"4";"3";"3";"3"
"28218";"Centre-Val de Loire";"Lucé";"15782";"13";"5";"7";"1";"Lucé";"2";"1";"1";"6";"3";"5";"1";"0";"4"
"28229";"Centre-Val de Loire";"Mainvilliers";"11293";"13";"9";"2";"2";"Mainvilliers";"2";"2";"4";"6";"0";"3";"1";"1";"2"
"28404";"Centre-Val de Loire";"Vernouillet";"12615";"6";"3";"1";"1";"Vernouillet";"1";"2";"3";"4";"2";"2";"1";"2";"2"
"29046";"Bretagne";"Douarnenez";"14560";"21";"15";"5";"0";"Douarnenez";"2";"2";"1";"2";"3";"5";"2";"5";"4"
"29058";"Bretagne";"Fouesnant";"10597";"16";"17";"5";"1";"Fouesnant";"2";"4";"1";"3";"3";"2";"1";"2";"2"
"29075";"Bretagne";"Guipavas";"15823";"15";"19";"6";"0";"Guipavas";"2";"0";"3";"7";"4";"4";"1";"0";"4"
"29103";"Bretagne";"Landerneau";"16819";"18";"26";"6";"1";"Landerneau";"1";"1";"3";"6";"1";"5";"1";"1";"9"
"29151";"Bretagne";"Morlaix";"15370";"15";"22";"8";"2";"Morlaix";"3";"1";"1";"4";"2";"7";"2";"2";"3"
"29189";"Bretagne";"Plougastel-Daoulas";"13807";"15";"17";"4";"1";"Plougastel-Daoulas";"1";"2";"1";"2";"3";"3";"1";"1";"3"
"29212";"Bretagne";"Plouzané";"13747";"9";"7";"2";"1";"Plouzané";"1";"2";"2";"3";"3";"9";"1";"2";"4"
"29233";"Bretagne";"Quimperlé";"12782";"15";"25";"5";"1";"Quimperlé";"4";"1";"2";"6";"3";"5";"1";"2";"3"
"29235";"Bretagne";"Le Relecq-Kerhuon";"12007";"10";"24";"3";"1";"Le Relecq-Kerhuon";"1";"1";"1";"2";"3";"3";"0";"1";"4"
"2A247";"Corse";"Porto-Vecchio";"11382";"10";"38";"6";"4";"Porto-Vecchio";"0";"2";"1";"2";"2";"2";"2";"0";"3"
"30028";"Occitanie";"Bagnols-sur-Cèze";"18599";"19";"24";"7";"3";"Bagnols-sur-Cèze";"3";"2";"1";"4";"8";"4";"5";"3";"5"
"30032";"Occitanie";"Beaucaire";"15836";"11";"16";"3";"1";"Beaucaire";"1";"1";"1";"3";"2";"3";"1";"4";"1"
"30202";"Occitanie";"Pont-Saint-Esprit";"10781";"5";"6";"5";"2";"Pont-Saint-Esprit";"1";"1";"1";"3";"2";"3";"1";"1";"2"
"30258";"Occitanie";"Saint-Gilles";"14391";"8";"7";"1";"1";"Saint-Gilles";"1";"1";"1";"4";"1";"3";"1";"0";"3"
"30341";"Occitanie";"Vauvert";"11877";"9";"20";"3";"2";"Vauvert";"2";"2";"1";"5";"2";"3";"2";"1";"2"
"30351";"Occitanie";"Villeneuve-lès-Avignon";"12967";"13";"12";"3";"4";"Villeneuve-lès-Avignon";"2";"3";"1";"2";"4";"2";"2";"2";"2"
"31033";"Occitanie";"Auterive";"10259";"10";"15";"6";"2";"Auterive";"1";"1";"2";"2";"2";"4";"2";"1";"3"
"31044";"Occitanie";"Balma";"17677";"23";"51";"8";"7";"Balma";"3";"3";"1";"8";"2";"4";"3";"6";"3"
"31113";"Occitanie";"Castanet-Tolosan";"15128";"19";"41";"4";"5";"Castanet-Tolosan";"1";"1";"0";"2";"3";"3";"1";"1";"2"
"31116";"Occitanie";"Castelginest";"10995";"12";"14";"4";"0";"Castelginest";"2";"2";"1";"1";"1";"2";"1";"0";"1"
"31187";"Occitanie";"Fonsorbes";"12890";"6";"8";"3";"2";"Fonsorbes";"3";"2";"1";"4";"3";"5";"1";"1";"2"
"31446";"Occitanie";"Ramonville-Saint-Agne";"15212";"17";"24";"4";"2";"Ramonville-Saint-Agne";"2";"1";"1";"1";"1";"1";"2";"1";"2"
"31483";"Occitanie";"Saint-Gaudens";"12171";"14";"21";"5";"5";"Saint-Gaudens";"1";"1";"1";"2";"3";"3";"3";"4";"4"
"31488";"Occitanie";"Saint-Jean";"11409";"29";"60";"4";"3";"Saint-Jean";"2";"2";"0";"2";"2";"2";"1";"1";"2"
"31506";"Occitanie";"Saint-Orens-de-Gameville";"14022";"19";"45";"5";"5";"Saint-Orens-de-Gameville";"3";"2";"0";"1";"4";"4";"2";"4";"4"
"31561";"Occitanie";"L'Union";"12546";"16";"34";"6";"4";"L'Union";"8";"1";"1";"4";"4";"3";"1";"6";"2"
"31588";"Occitanie";"Villeneuve-Tolosane";"10499";"8";"20";"2";"2";"Villeneuve-Tolosane";"1";"1";"0";"4";"3";"1";"1";"0";"2"
"33003";"Nouvelle-Aquitaine";"Ambarès-et-Lagrave";"16963";"16";"17";"4";"1";"Ambarès-et-Lagrave";"3";"1";"1";"5";"2";"3";"1";"2";"4"
"33005";"Nouvelle-Aquitaine";"Andernos-les-Bains";"12746";"17";"31";"7";"1";"Andernos-les-Bains";"3";"1";"2";"3";"3";"2";"1";"0";"2"
"33009";"Nouvelle-Aquitaine";"Arcachon";"11579";"28";"28";"11";"1";"Arcachon";"0";"1";"2";"1";"1";"3";"0";"2";"4"
"33051";"Nouvelle-Aquitaine";"Biganos";"11232";"78";"18";"6";"1";"Biganos";"1";"2";"0";"0";"3";"2";"1";"1";"1"
"33056";"Nouvelle-Aquitaine";"Blanquefort";"16636";"12";"25";"6";"2";"Blanquefort";"2";"1";"2";"5";"1";"2";"2";"0";"4"
"33122";"Nouvelle-Aquitaine";"Cestas";"17070";"17";"39";"11";"3";"Cestas";"0";"1";"1";"1";"1";"5";"1";"0";"1"
"33167";"Nouvelle-Aquitaine";"Floirac";"17877";"29";"32";"6";"1";"Floirac";"2";"2";"1";"4";"1";"4";"2";"0";"3"
"33200";"Nouvelle-Aquitaine";"Le Haillan";"11759";"6";"20";"4";"2";"Le Haillan";"1";"2";"1";"2";"2";"2";"1";"0";"3"
"33238";"Nouvelle-Aquitaine";"Léognan";"10864";"10";"19";"4";"1";"Léognan";"2";"2";"1";"2";"3";"3";"2";"1";"2"
"33284";"Nouvelle-Aquitaine";"Mios";"11659";"4";"10";"3";"0";"Mios";"1";"2";"0";"1";"2";"1";"1";"0";"1"
"33312";"Nouvelle-Aquitaine";"Parempuyre";"10244";"6";"13";"3";"0";"Parempuyre";"1";"1";"0";"1";"1";"1";"1";"0";"1"
"33366";"Nouvelle-Aquitaine";"Saint-André-de-Cubzac";"13039";"16";"19";"6";"0";"Saint-André-de-Cubzac";"2";"1";"1";"1";"3";"3";"1";"0";"2"
"33433";"Nouvelle-Aquitaine";"Saint-Loubès";"10113";"6";"8";"5";"1";"Saint-Loubès";"0";"1";"1";"1";"1";"2";"1";"0";"2"
"33519";"Nouvelle-Aquitaine";"Le Taillan-Médoc";"10882";"11";"21";"2";"0";"Le Taillan-Médoc";"0";"1";"0";"1";"1";"3";"1";"1";"2"
"34123";"Occitanie";"Juvignac";"12890";"14";"49";"4";"4";"Juvignac";"1";"2";"0";"1";"0";"2";"0";"1";"1"
"34129";"Occitanie";"Lattes";"17775";"28";"69";"7";"5";"Lattes";"2";"3";"0";"5";"3";"4";"2";"5";"5"
"34154";"Occitanie";"Mauguio";"16790";"20";"64";"11";"6";"Mauguio";"2";"2";"1";"4";"3";"4";"2";"1";"4"
"34157";"Occitanie";"Mèze";"12834";"10";"27";"2";"2";"Mèze";"2";"1";"0";"1";"1";"1";"1";"2";"1"
"34255";"Occitanie";"Saint-Gély-du-Fesc";"10810";"19";"37";"6";"2";"Saint-Gély-du-Fesc";"1";"1";"0";"0";"4";"1";"1";"1";"3"
"34270";"Occitanie";"Saint-Jean-de-Védas";"12722";"23";"48";"4";"3";"Saint-Jean-de-Védas";"1";"1";"1";"2";"2";"2";"2";"4";"1"
"34337";"Occitanie";"Villeneuve-lès-Maguelone";"10521";"9";"26";"1";"2";"Villeneuve-lès-Maguelone";"0";"1";"1";"4";"2";"2";"2";"2";"1"
"35024";"Bretagne";"Betton";"12959";"10";"25";"3";"1";"Betton";"0";"1";"0";"1";"1";"1";"1";"0";"2"
"35051";"Bretagne";"Cesson-Sévigné";"18212";"21";"39";"5";"2";"Cesson-Sévigné";"0";"3";"2";"2";"4";"4";"2";"3";"6"
"35055";"Bretagne";"Chantepie";"10391";"8";"13";"3";"1";"Chantepie";"0";"1";"0";"1";"1";"1";"1";"0";"2"
"35069";"Bretagne";"Châteaugiron";"10780";"6";"12";"3";"0";"Châteaugiron";"1";"2";"0";"3";"1";"4";"1";"1";"2"
"35093";"Bretagne";"Dinard";"10753";"13";"15";"6";"2";"Dinard";"0";"1";"3";"2";"4";"2";"2";"1";"4"
"35210";"Bretagne";"Pacé";"12257";"13";"13";"2";"2";"Pacé";"0";"1";"1";"1";"2";"1";"1";"0";"2"
"35236";"Bretagne";"Redon";"10054";"15";"14";"6";"3";"Redon";"0";"1";"2";"1";"0";"3";"1";"0";"7"
"35278";"Bretagne";"Saint-Grégoire";"10206";"31";"54";"5";"1";"Saint-Grégoire";"1";"1";"1";"0";"2";"2";"1";"3";"3"
"35281";"Bretagne";"Saint-Jacques-de-la-Lande";"13782";"12";"12";"3";"1";"Saint-Jacques-de-la-Lande";"1";"2";"1";"3";"1";"1";"1";"2";"3"
"35360";"Bretagne";"Vitré";"19553";"21";"28";"8";"2";"Vitré";"0";"3";"3";"3";"2";"7";"1";"2";"6"
"36088";"Centre-Val de Loire";"Issoudun";"11232";"8";"12";"4";"1";"Issoudun";"1";"1";"2";"5";"4";"3";"2";"2";"4"
"37003";"Centre-Val de Loire";"Amboise";"13330";"12";"13";"4";"2";"Amboise";"2";"2";"2";"4";"3";"2";"2";"2";"2"
"37050";"Centre-Val de Loire";"Chambray-lès-Tours";"11830";"19";"25";"4";"1";"Chambray-lès-Tours";"2";"3";"2";"6";"3";"2";"2";"0";"2"
"37109";"Centre-Val de Loire";"Fondettes";"11239";"14";"20";"2";"3";"Fondettes";"1";"2";"1";"2";"1";"1";"1";"0";"3"
"37156";"Centre-Val de Loire";"Montlouis-sur-Loire";"11213";"7";"9";"3";"5";"Montlouis-sur-Loire";"1";"2";"1";"2";"1";"1";"1";"1";"2"
"37195";"Centre-Val de Loire";"La Riche";"10434";"10";"3";"2";"0";"La Riche";"0";"2";"0";"1";"1";"2";"2";"0";"1"
"37208";"Centre-Val de Loire";"Saint-Avertin";"15340";"18";"28";"6";"1";"Saint-Avertin";"2";"3";"0";"6";"3";"3";"1";"3";"4"
"37214";"Centre-Val de Loire";"Saint-Cyr-sur-Loire";"17350";"26";"35";"6";"3";"Saint-Cyr-sur-Loire";"2";"3";"1";"1";"4";"3";"0";"3";"7"
"37233";"Centre-Val de Loire";"Saint-Pierre-des-Corps";"16177";"6";"13";"3";"1";"Saint-Pierre-des-Corps";"2";"3";"4";"4";"2";"6";"1";"2";"3"
"38085";"Auvergne-Rhône-Alpes";"Charvieu-Chavagneux";"10368";"6";"5";"2";"1";"Charvieu-Chavagneux";"1";"2";"1";"5";"0";"2";"1";"0";"2"
"38158";"Auvergne-Rhône-Alpes";"Eybens";"10081";"9";"15";"3";"2";"Eybens";"4";"5";"0";"3";"0";"7";"2";"2";"4"
"38193";"Auvergne-Rhône-Alpes";"L'Isle-d'Abeau";"17441";"8";"10";"1";"1";"L'Isle-d'Abeau";"3";"1";"4";"6";"2";"3";"3";"2";"3"
"38229";"Auvergne-Rhône-Alpes";"Meylan";"18922";"30";"63";"7";"7";"Meylan";"3";"5";"3";"10";"6";"6";"3";"3";"7"
"38317";"Auvergne-Rhône-Alpes";"Le Pont-de-Claix";"10891";"9";"8";"4";"0";"Le Pont-de-Claix";"3";"2";"1";"4";"3";"4";"1";"1";"2"
"38382";"Auvergne-Rhône-Alpes";"Saint-Égrève";"17216";"13";"35";"4";"4";"Saint-Égrève";"2";"2";"1";"7";"3";"3";"1";"4";"6"
"38474";"Auvergne-Rhône-Alpes";"Sassenage";"11863";"10";"13";"2";"0";"Sassenage";"2";"1";"1";"1";"3";"4";"2";"2";"5"
"38485";"Auvergne-Rhône-Alpes";"Seyssinet-Pariset";"11884";"15";"30";"2";"2";"Seyssinet-Pariset";"1";"2";"2";"5";"4";"1";"3";"3";"3"
"38553";"Auvergne-Rhône-Alpes";"Villefontaine";"19333";"22";"8";"5";"0";"Villefontaine";"1";"3";"2";"11";"6";"4";"3";"3";"4"
"38565";"Auvergne-Rhône-Alpes";"Voreppe";"10137";"9";"15";"1";"2";"Voreppe";"2";"1";"0";"2";"1";"1";"0";"0";"2"
"39300";"Bourgogne-Franche-Comté";"Lons-le-Saunier";"17887";"20";"21";"7";"3";"Lons-le-Saunier";"3";"3";"2";"5";"4";"3";"2";"1";"5"
"40046";"Nouvelle-Aquitaine";"Biscarrosse";"14909";"15";"31";"8";"3";"Biscarrosse";"2";"3";"1";"4";"0";"2";"1";"1";"2"
"40279";"Nouvelle-Aquitaine";"Saint-Paul-lès-Dax";"14778";"9";"44";"5";"2";"Saint-Paul-lès-Dax";"1";"1";"0";"2";"2";"4";"0";"3";"3"
"40281";"Nouvelle-Aquitaine";"Saint-Pierre-du-Mont";"10236";"9";"32";"4";"0";"Saint-Pierre-du-Mont";"0";"1";"0";"1";"1";"1";"1";"1";"1"
"40312";"Nouvelle-Aquitaine";"Tarnos";"13225";"15";"31";"4";"6";"Tarnos";"1";"2";"2";"2";"2";"4";"1";"1";"4"
"41194";"Centre-Val de Loire";"Romorantin-Lanthenay";"18569";"16";"10";"7";"2";"Romorantin-Lanthenay";"3";"2";"1";"1";"5";"6";"2";"4";"6"
"41269";"Centre-Val de Loire";"Vendôme";"16377";"16";"10";"9";"3";"Vendôme";"2";"3";"1";"5";"2";"4";"1";"3";"6"
"42005";"Auvergne-Rhône-Alpes";"Andrézieux-Bouthéon";"10340";"24";"13";"2";"0";"Andrézieux-Bouthéon";"5";"2";"1";"1";"5";"3";"2";"4";"4"
"42044";"Auvergne-Rhône-Alpes";"Le Chambon-Feugerolles";"12148";"6";"8";"2";"0";"Le Chambon-Feugerolles";"6";"2";"1";"2";"2";"3";"1";"1";"2"
"42095";"Auvergne-Rhône-Alpes";"Firminy";"17297";"14";"26";"8";"4";"Firminy";"11";"3";"1";"9";"2";"7";"2";"3";"4"
"42147";"Auvergne-Rhône-Alpes";"Montbrison";"16635";"18";"27";"6";"4";"Montbrison";"4";"2";"2";"1";"4";"5";"1";"3";"2"
"42184";"Auvergne-Rhône-Alpes";"Riorges";"11261";"4";"15";"2";"0";"Riorges";"1";"1";"1";"1";"1";"1";"1";"1";"2"
"42186";"Auvergne-Rhône-Alpes";"Rive-de-Gier";"15348";"16";"13";"5";"2";"Rive-de-Gier";"3";"1";"2";"2";"4";"2";"2";"2";"5"
"42279";"Auvergne-Rhône-Alpes";"Saint-Just-Saint-Rambert";"15664";"19";"31";"6";"1";"Saint-Just-Saint-Rambert";"7";"1";"1";"1";"2";"3";"3";"1";"3"
"43157";"Auvergne-Rhône-Alpes";"Le Puy-en-Velay";"19439";"21";"30";"12";"3";"Le Puy-en-Velay";"2";"0";"1";"3";"2";"4";"2";"4";"3"
"44003";"Pays de la Loire";"Ancenis-Saint-Géréon";"11488";"14";"19";"3";"3";"Ancenis-Saint-Géréon";"5";"3";"2";"3";"7";"5";"2";"2";"5"
"44015";"Pays de la Loire";"Blain";"10360";"13";"8";"5";"1";"Blain";"3";"1";"2";"2";"2";"3";"1";"2";"2"
"44036";"Pays de la Loire";"Châteaubriant";"12629";"10";"15";"6";"4";"Châteaubriant";"7";"2";"1";"9";"3";"6";"3";"1";"4"
"44055";"Pays de la Loire";"La Baule-Escoublac";"17034";"16";"23";"7";"3";"La Baule-Escoublac";"4";"3";"3";"4";"2";"3";"1";"6";"4"
"44069";"Pays de la Loire";"Guérande";"16733";"23";"27";"6";"2";"Guérande";"2";"2";"0";"3";"3";"2";"1";"3";"3"
"44129";"Pays de la Loire";"Pontchâteau";"11358";"7";"5";"3";"4";"Pontchâteau";"1";"1";"1";"4";"1";"5";"1";"2";"4"
"44131";"Pays de la Loire";"Pornic";"18355";"26";"30";"5";"1";"Pornic";"2";"3";"1";"1";"2";"3";"1";"3";"3"
"44132";"Pays de la Loire";"Pornichet";"12430";"16";"21";"7";"2";"Pornichet";"2";"1";"1";"3";"2";"2";"1";"3";"2"
"44154";"Pays de la Loire";"Saint-Brevin-les-Pins";"14774";"12";"11";"6";"1";"Saint-Brevin-les-Pins";"4";"1";"1";"2";"3";"1";"2";"4";"3"
"44172";"Pays de la Loire";"Sainte-Luce-sur-Loire";"15784";"13";"20";"4";"1";"Sainte-Luce-sur-Loire";"1";"1";"1";"0";"2";"2";"1";"1";"3"
"44204";"Pays de la Loire";"Thouaré-sur-Loire";"10954";"14";"10";"3";"0";"Thouaré-sur-Loire";"2";"1";"1";"1";"3";"1";"1";"0";"2"
"44209";"Pays de la Loire";"Treillières";"10490";"5";"9";"2";"3";"Treillières";"1";"0";"1";"1";"0";"2";"1";"0";"3"
"45004";"Centre-Val de Loire";"Amilly";"13835";"9";"5";"2";"0";"Amilly";"3";"2";"2";"4";"3";"2";"2";"1";"5"
"45068";"Centre-Val de Loire";"Châlette-sur-Loing";"12954";"1";"7";"0";"0";"Châlette-sur-Loing";"2";"1";"0";"8";"2";"6";"1";"2";"1"
"45075";"Centre-Val de Loire";"La Chapelle-Saint-Mesmin";"10414";"4";"11";"4";"0";"La Chapelle-Saint-Mesmin";"2";"1";"2";"2";"1";"2";"1";"1";"2"
"45155";"Centre-Val de Loire";"Gien";"13785";"13";"12";"4";"1";"Gien";"1";"2";"1";"5";"3";"4";"3";"4";"6"
"45208";"Centre-Val de Loire";"Montargis";"15500";"22";"12";"7";"6";"Montargis";"2";"1";"2";"6";"3";"4";"2";"3";"3"
"45285";"Centre-Val de Loire";"Saint-Jean-de-la-Ruelle";"16840";"15";"13";"4";"2";"Saint-Jean-de-la-Ruelle";"1";"1";"0";"2";"4";"5";"2";"1";"2"
"45302";"Centre-Val de Loire";"Saran";"16888";"19";"25";"2";"1";"Saran";"1";"2";"1";"4";"3";"4";"1";"1";"4"
"46102";"Occitanie";"Figeac";"10364";"21";"24";"5";"4";"Figeac";"1";"2";"1";"1";"4";"2";"1";"1";"3"
"47157";"Nouvelle-Aquitaine";"Marmande";"17741";"19";"20";"10";"3";"Marmande";"4";"4";"3";"5";"1";"5";"2";"4";"7"
"48095";"Occitanie";"Mende";"13087";"14";"17";"4";"3";"Mende";"2";"1";"2";"1";"5";"4";"1";"3";"7"
"49015";"Pays de la Loire";"Avrillé";"15330";"18";"18";"8";"1";"Avrillé";"6";"1";"1";"12";"3";"5";"1";"2";"2"
"49018";"Pays de la Loire";"Baugé-en-Anjou";"11997";"11";"10";"4";"0";"Baugé-en-Anjou";"32";"4";"1";"6";"2";"9";"1";"0";"3"
"49050";"Pays de la Loire";"Brissac Loire Aubance";"11175";"9";"16";"2";"1";"Brissac Loire Aubance";"13";"2";"0";"7";"2";"5";"1";"0";"5"
"49069";"Pays de la Loire";"Orée d'Anjou";"17020";"9";"10";"4";"2";"Orée d'Anjou";"15";"4";"1";"5";"1";"8";"2";"1";"9"
"49125";"Pays de la Loire";"Doué-en-Anjou";"11467";"10";"10";"7";"1";"Doué-en-Anjou";"5";"1";"1";"5";"0";"3";"1";"4";"4"
"49218";"Pays de la Loire";"Montrevault-sur-Èvre";"16055";"6";"9";"4";"0";"Montrevault-sur-Èvre";"17";"5";"1";"7";"4";"8";"2";"0";"8"
"49244";"Pays de la Loire";"Mauges-sur-Loire";"18824";"16";"15";"5";"1";"Mauges-sur-Loire";"15";"9";"3";"16";"4";"15";"0";"2";"9"
"49246";"Pays de la Loire";"Les Ponts-de-Cé";"13271";"15";"17";"5";"1";"Les Ponts-de-Cé";"10";"5";"3";"6";"3";"9";"3";"1";"4"
"49307";"Pays de la Loire";"Loire-Authion";"16992";"12";"13";"2";"3";"Loire-Authion";"24";"7";"0";"10";"5";"8";"2";"0";"6"
"49331";"Pays de la Loire";"Segré-en-Anjou Bleu";"18496";"18";"5";"4";"3";"Segré-en-Anjou Bleu";"14";"4";"2";"22";"6";"13";"2";"0";"6"
"49353";"Pays de la Loire";"Trélazé";"15544";"25";"35";"1";"3";"Trélazé";"5";"0";"1";"5";"4";"2";"2";"1";"3"
"50025";"Normandie";"Avranches";"10748";"20";"18";"5";"3";"Avranches";"6";"1";"3";"8";"3";"4";"0";"1";"6"
"50041";"Normandie";"La Hague";"11518";"4";"9";"2";"0";"La Hague";"0";"8";"1";"10";"3";"10";"1";"1";"7"
"50099";"Normandie";"Carentan-les-Marais";"10376";"9";"7";"3";"1";"Carentan-les-Marais";"5";"1";"1";"2";"3";"4";"1";"1";"3"
"50218";"Normandie";"Granville";"13279";"16";"20";"7";"3";"Granville";"2";"1";"1";"4";"3";"3";"2";"2";"5"
"51573";"Grand Est";"Tinqueux";"10682";"13";"8";"2";"0";"Tinqueux";"4";"3";"1";"0";"1";"5";"1";"2";"4"
"51649";"Grand Est";"Vitry-le-François";"11662";"18";"15";"6";"1";"Vitry-le-François";"2";"1";"3";"7";"4";"6";"1";"3";"5"
"53062";"Pays de la Loire";"Château-Gontier-sur-Mayenne";"17370";"17";"15";"5";"2";"Château-Gontier-sur-Mayenne";"8";"3";"2";"4";"3";"6";"2";"1";"4"
"53147";"Pays de la Loire";"Mayenne";"13577";"9";"14";"6";"3";"Mayenne";"2";"4";"2";"10";"5";"5";"3";"2";"4"
"54304";"Grand Est";"Laxou";"14854";"22";"24";"0";"2";"Laxou";"2";"2";"1";"6";"2";"3";"1";"3";"6"
"54323";"Grand Est";"Longwy";"15417";"16";"15";"6";"0";"Longwy";"0";"2";"1";"7";"2";"2";"2";"2";"3"
"54329";"Grand Est";"Lunéville";"18051";"30";"22";"5";"1";"Lunéville";"2";"1";"4";"7";"5";"6";"2";"3";"7"
"54357";"Grand Est";"Maxéville";"10037";"12";"14";"1";"0";"Maxéville";"0";"2";"0";"4";"2";"4";"2";"3";"2"
"54431";"Grand Est";"Pont-à-Mousson";"14548";"21";"19";"6";"1";"Pont-à-Mousson";"2";"1";"1";"10";"4";"3";"2";"4";"3"
"54482";"Grand Est";"Saint-Max";"10159";"15";"17";"5";"0";"Saint-Max";"1";"1";"0";"2";"0";"1";"2";"0";"1"
"54528";"Grand Est";"Toul";"16061";"21";"21";"8";"2";"Toul";"2";"1";"5";"7";"3";"6";"3";"4";"8"
"54578";"Grand Est";"Villers-lès-Nancy";"15086";"12";"21";"2";"1";"Villers-lès-Nancy";"1";"3";"2";"7";"4";"3";"2";"1";"9"
"54580";"Grand Est";"Villerupt";"10158";"6";"4";"2";"0";"Villerupt";"1";"2";"0";"0";"1";"2";"1";"1";"3"
"55029";"Grand Est";"Bar-le-Duc";"15232";"14";"14";"4";"1";"Bar-le-Duc";"4";"1";"2";"7";"3";"5";"1";"4";"9"
"55545";"Grand Est";"Verdun";"17658";"7";"14";"4";"1";"Verdun";"1";"1";"1";"8";"2";"6";"3";"2";"5"
"56007";"Bretagne";"Auray";"14591";"30";"47";"9";"3";"Auray";"1";"1";"1";"6";"3";"6";"1";"5";"3"
"56078";"Bretagne";"Guidel";"12253";"10";"18";"2";"1";"Guidel";"2";"3";"1";"3";"0";"4";"1";"0";"2"
"56083";"Bretagne";"Hennebont";"16196";"12";"21";"5";"2";"Hennebont";"0";"1";"2";"8";"6";"6";"1";"0";"5"
"56162";"Bretagne";"Ploemeur";"19228";"20";"31";"5";"3";"Ploemeur";"2";"2";"1";"2";"2";"6";"1";"3";"7"
"56165";"Bretagne";"Ploërmel";"10416";"14";"10";"5";"0";"Ploërmel";"4";"2";"1";"2";"3";"5";"1";"3";"3"
"56178";"Bretagne";"Pontivy";"15630";"9";"13";"8";"4";"Pontivy";"3";"1";"2";"4";"4";"6";"4";"6";"4"
"56206";"Bretagne";"Saint-Avé";"12214";"11";"13";"3";"0";"Saint-Avé";"1";"1";"1";"2";"1";"2";"1";"6";"2"
"57019";"Grand Est";"Amnéville";"10908";"17";"11";"2";"1";"Amnéville";"2";"1";"1";"1";"5";"3";"2";"2";"1"
"57160";"Grand Est";"Creutzwald";"12704";"8";"11";"1";"1";"Creutzwald";"4";"1";"0";"9";"1";"8";"1";"2";"5"
"57206";"Grand Est";"Fameck";"14965";"10";"7";"2";"0";"Fameck";"5";"1";"1";"6";"1";"9";"1";"1";"6"
"57221";"Grand Est";"Florange";"11974";"8";"6";"3";"0";"Florange";"4";"1";"1";"4";"1";"5";"2";"0";"3"
"57240";"Grand Est";"Freyming-Merlebach";"13147";"8";"7";"2";"0";"Freyming-Merlebach";"2";"1";"1";"14";"1";"3";"2";"2";"3"
"57306";"Grand Est";"Hayange";"16182";"12";"11";"3";"0";"Hayange";"3";"2";"2";"6";"2";"3";"1";"2";"6"
"57433";"Grand Est";"Maizières-lès-Metz";"11890";"7";"3";"1";"0";"Maizières-lès-Metz";"4";"2";"1";"7";"0";"5";"1";"2";"5"
"57447";"Grand Est";"Marly";"10186";"11";"9";"4";"0";"Marly";"2";"2";"1";"3";"3";"3";"1";"2";"2"
"57606";"Grand Est";"Saint-Avold";"15358";"20";"18";"8";"2";"Saint-Avold";"6";"4";"3";"10";"4";"6";"2";"1";"11"
"57630";"Grand Est";"Sarrebourg";"12661";"17";"16";"6";"2";"Sarrebourg";"2";"1";"2";"8";"6";"4";"4";"5";"5"
"57660";"Grand Est";"Stiring-Wendel";"11180";"6";"12";"1";"0";"Stiring-Wendel";"3";"2";"0";"3";"2";"4";"2";"3";"5"
"57751";"Grand Est";"Woippy";"14414";"13";"14";"3";"1";"Woippy";"1";"1";"1";"9";"4";"6";"2";"2";"4"
"57757";"Grand Est";"Yutz";"17683";"22";"21";"5";"3";"Yutz";"5";"1";"2";"6";"2";"7";"1";"6";"2"
"59008";"Hauts-de-France";"Aniche";"10057";"9";"10";"2";"1";"Aniche";"1";"1";"1";"1";"1";"2";"2";"1";"4"
"59011";"Hauts-de-France";"Annœullin";"10879";"11";"14";"5";"0";"Annœullin";"0";"1";"0";"2";"2";"1";"0";"2";"2"
"59014";"Hauts-de-France";"Anzin";"13504";"11";"30";"5";"2";"Anzin";"3";"1";"1";"5";"1";"3";"1";"2";"3"
"59043";"Hauts-de-France";"Bailleul";"15098";"22";"24";"5";"4";"Bailleul";"1";"1";"0";"2";"2";"7";"1";"1";"3"
"59112";"Hauts-de-France";"Bruay-sur-l'Escaut";"11363";"7";"8";"2";"1";"Bruay-sur-l'Escaut";"2";"0";"1";"1";"1";"3";"1";"1";"2"
"59139";"Hauts-de-France";"Caudry";"14220";"9";"13";"5";"1";"Caudry";"1";"1";"2";"3";"3";"4";"1";"2";"7"
"59152";"Hauts-de-France";"Comines";"12751";"15";"20";"2";"0";"Comines";"0";"1";"1";"3";"2";"2";"2";"1";"1"
"59179";"Hauts-de-France";"Douchy-les-Mines";"10252";"11";"8";"2";"0";"Douchy-les-Mines";"1";"1";"1";"3";"1";"1";"1";"1";"1"
"59220";"Hauts-de-France";"Faches-Thumesnil";"18227";"18";"35";"2";"3";"Faches-Thumesnil";"1";"1";"0";"2";"3";"4";"1";"2";"5"
"59249";"Hauts-de-France";"Fourmies";"11632";"6";"6";"1";"0";"Fourmies";"1";"1";"2";"1";"3";"2";"2";"2";"4"
"59273";"Hauts-de-France";"Gravelines";"11393";"9";"16";"1";"3";"Gravelines";"1";"1";"2";"3";"3";"3";"1";"2";"5"
"59286";"Hauts-de-France";"Haubourdin";"14864";"13";"27";"3";"0";"Haubourdin";"1";"1";"1";"5";"4";"2";"1";"2";"3"
"59291";"Hauts-de-France";"Hautmont";"14256";"14";"10";"3";"0";"Hautmont";"1";"3";"0";"2";"1";"3";"1";"1";"3"
"59299";"Hauts-de-France";"Hem";"18869";"33";"29";"5";"3";"Hem";"0";"2";"1";"3";"2";"3";"1";"1";"4"
"59324";"Hauts-de-France";"Jeumont";"10433";"10";"14";"2";"0";"Jeumont";"1";"0";"0";"1";"1";"3";"1";"1";"3"
"59367";"Hauts-de-France";"Lys-lez-Lannoy";"13929";"11";"23";"3";"2";"Lys-lez-Lannoy";"1";"1";"0";"2";"1";"2";"0";"2";"3"
"59383";"Hauts-de-France";"Marly";"12146";"14";"20";"4";"0";"Marly";"2";"2";"1";"3";"1";"4";"2";"1";"4"
"59386";"Hauts-de-France";"Marquette-lez-Lille";"11277";"9";"28";"2";"5";"Marquette-lez-Lille";"1";"2";"2";"4";"0";"3";"1";"1";"3"
"59421";"Hauts-de-France";"Mouvaux";"13362";"15";"18";"2";"2";"Mouvaux";"3";"1";"1";"1";"5";"2";"1";"1";"3"
"59426";"Hauts-de-France";"Neuville-en-Ferrain";"10228";"8";"27";"3";"0";"Neuville-en-Ferrain";"0";"1";"0";"3";"2";"2";"1";"2";"2"
"59491";"Hauts-de-France";"Raismes";"12108";"12";"11";"3";"1";"Raismes";"4";"1";"1";"1";"2";"4";"3";"0";"6"
"59507";"Hauts-de-France";"Ronchin";"19573";"14";"24";"5";"6";"Ronchin";"2";"2";"3";"4";"3";"5";"1";"4";"7"
"59508";"Hauts-de-France";"Roncq";"13897";"13";"20";"4";"4";"Roncq";"3";"2";"0";"2";"4";"3";"1";"2";"1"
"59526";"Hauts-de-France";"Saint-Amand-les-Eaux";"16160";"26";"31";"7";"7";"Saint-Amand-les-Eaux";"2";"1";"2";"3";"3";"5";"2";"2";"4"
"59527";"Hauts-de-France";"Saint-André-lez-Lille";"13053";"16";"24";"2";"1";"Saint-André-lez-Lille";"1";"1";"0";"3";"3";"3";"1";"0";"1"
"59544";"Hauts-de-France";"Saint-Saulve";"11268";"16";"19";"3";"1";"Saint-Saulve";"2";"1";"0";"4";"1";"3";"1";"0";"3"
"59560";"Hauts-de-France";"Seclin";"12928";"10";"20";"4";"1";"Seclin";"2";"1";"1";"2";"1";"1";"1";"1";"3"
"59569";"Hauts-de-France";"Sin-le-Noble";"15705";"14";"16";"4";"0";"Sin-le-Noble";"1";"2";"1";"2";"2";"2";"1";"0";"2"
"59574";"Hauts-de-France";"Somain";"11881";"11";"9";"6";"1";"Somain";"2";"1";"1";"6";"0";"3";"0";"3";"3"
"59616";"Hauts-de-France";"Vieux-Condé";"10504";"11";"13";"2";"2";"Vieux-Condé";"4";"0";"1";"0";"0";"2";"1";"1";"2"
"59636";"Hauts-de-France";"Wambrechies";"10912";"13";"24";"3";"3";"Wambrechies";"1";"1";"1";"2";"3";"4";"0";"1";"1"
"59648";"Hauts-de-France";"Wattignies";"15735";"17";"23";"5";"2";"Wattignies";"1";"1";"2";"1";"4";"3";"3";"2";"5"
"60139";"Hauts-de-France";"Chambly";"10102";"4";"7";"2";"2";"Chambly";"2";"1";"1";"3";"2";"4";"1";"0";"4"
"60141";"Hauts-de-France";"Chantilly";"10889";"19";"20";"10";"4";"Chantilly";"2";"1";"0";"3";"1";"0";"1";"0";"3"
"60157";"Hauts-de-France";"Clermont";"10692";"8";"8";"7";"1";"Clermont";"3";"2";"0";"3";"1";"0";"1";"0";"5"
"60176";"Hauts-de-France";"Crépy-en-Valois";"14494";"12";"11";"4";"1";"Crépy-en-Valois";"2";"1";"0";"2";"1";"1";"4";"2";"5"
"60395";"Hauts-de-France";"Méru";"14510";"8";"5";"4";"0";"Méru";"0";"1";"1";"4";"2";"3";"3";"1";"5"
"60414";"Hauts-de-France";"Montataire";"13845";"8";"4";"2";"2";"Montataire";"2";"3";"2";"9";"3";"7";"2";"1";"5"
"60471";"Hauts-de-France";"Noyon";"13215";"13";"4";"5";"4";"Noyon";"1";"2";"1";"7";"3";"6";"3";"1";"4"
"60509";"Hauts-de-France";"Pont-Sainte-Maxence";"12421";"7";"9";"4";"0";"Pont-Sainte-Maxence";"1";"1";"1";"6";"2";"3";"2";"1";"3"
"60612";"Hauts-de-France";"Senlis";"15805";"14";"19";"6";"1";"Senlis";"4";"3";"2";"8";"6";"3";"3";"3";"6"
"61006";"Normandie";"Argentan";"13659";"14";"10";"5";"0";"Argentan";"3";"3";"1";"4";"7";"2";"1";"4";"8"
"61169";"Normandie";"Flers";"14821";"10";"15";"6";"0";"Flers";"1";"1";"1";"0";"4";"4";"3";"1";"4"
"62048";"Hauts-de-France";"Auchel";"10105";"7";"12";"4";"1";"Auchel";"2";"1";"2";"7";"0";"5";"1";"1";"5"
"62065";"Hauts-de-France";"Avion";"17807";"11";"10";"3";"0";"Avion";"8";"1";"1";"4";"5";"9";"2";"2";"6"
"62108";"Hauts-de-France";"Berck";"13635";"12";"24";"3";"1";"Berck";"2";"1";"2";"4";"2";"1";"1";"0";"2"
"62186";"Hauts-de-France";"Bully-les-Mines";"12296";"5";"15";"2";"0";"Bully-les-Mines";"2";"0";"0";"1";"2";"2";"1";"2";"4"
"62215";"Hauts-de-France";"Carvin";"17948";"14";"27";"6";"2";"Carvin";"3";"2";"1";"10";"6";"5";"2";"1";"3"
"62250";"Hauts-de-France";"Courrières";"10299";"14";"24";"1";"1";"Courrières";"0";"2";"1";"1";"1";"4";"1";"1";"2"
"62318";"Hauts-de-France";"Étaples";"11057";"17";"16";"4";"1";"Étaples";"1";"1";"0";"0";"1";"3";"1";"0";"1"
"62413";"Hauts-de-France";"Harnes";"12405";"17";"10";"3";"1";"Harnes";"3";"1";"0";"5";"1";"2";"1";"1";"5"
"62516";"Hauts-de-France";"Lillers";"10087";"7";"11";"2";"0";"Lillers";"2";"1";"0";"4";"0";"3";"1";"0";"4"
"62525";"Hauts-de-France";"Longuenesse";"11035";"5";"8";"3";"0";"Longuenesse";"3";"3";"1";"0";"2";"6";"1";"0";"5"
"62548";"Hauts-de-France";"Marck";"10627";"3";"6";"2";"0";"Marck";"2";"1";"2";"4";"1";"4";"1";"0";"3"
"62570";"Hauts-de-France";"Méricourt";"11480";"9";"13";"2";"1";"Méricourt";"5";"0";"1";"3";"2";"1";"1";"1";"2"
"62617";"Hauts-de-France";"Nœux-les-Mines";"11568";"10";"17";"4";"3";"Nœux-les-Mines";"8";"1";"0";"3";"1";"3";"1";"1";"4"
"62637";"Hauts-de-France";"Oignies";"10255";"7";"15";"8";"1";"Oignies";"2";"1";"1";"3";"3";"3";"1";"1";"3"
"62643";"Hauts-de-France";"Outreau";"13415";"15";"17";"3";"3";"Outreau";"1";"1";"2";"3";"4";"2";"2";"1";"5"
"62758";"Hauts-de-France";"Saint-Martin-Boulogne";"11153";"13";"20";"2";"1";"Saint-Martin-Boulogne";"1";"5";"1";"4";"2";"2";"1";"0";"6"
"62765";"Hauts-de-France";"Saint-Omer";"15263";"20";"29";"6";"5";"Saint-Omer";"1";"1";"1";"2";"2";"1";"1";"4";"6"
"63014";"Auvergne-Rhône-Alpes";"Aubière";"10367";"12";"14";"3";"3";"Aubière";"2";"3";"2";"2";"2";"3";"1";"5";"4"
"63032";"Auvergne-Rhône-Alpes";"Beaumont";"10847";"14";"24";"3";"0";"Beaumont";"1";"1";"1";"1";"3";"2";"1";"0";"2"
"63075";"Auvergne-Rhône-Alpes";"Chamalières";"17977";"22";"35";"6";"6";"Chamalières";"2";"0";"0";"0";"4";"1";"1";"3";"2"
"63164";"Auvergne-Rhône-Alpes";"Gerzat";"10355";"7";"12";"2";"0";"Gerzat";"2";"2";"0";"2";"2";"3";"3";"1";"4"
"63178";"Auvergne-Rhône-Alpes";"Issoire";"15389";"27";"38";"10";"4";"Issoire";"3";"3";"1";"1";"5";"4";"2";"5";"6"
"63284";"Auvergne-Rhône-Alpes";"Pont-du-Château";"12786";"11";"15";"3";"3";"Pont-du-Château";"1";"1";"0";"2";"1";"2";"1";"2";"2"
"63300";"Auvergne-Rhône-Alpes";"Riom";"19495";"17";"27";"8";"2";"Riom";"1";"2";"1";"3";"4";"5";"3";"4";"6"
"63430";"Auvergne-Rhône-Alpes";"Thiers";"11997";"9";"11";"4";"2";"Thiers";"1";"2";"1";"6";"1";"5";"1";"1";"3"
"64129";"Nouvelle-Aquitaine";"Billère";"14080";"28";"21";"5";"0";"Billère";"3";"2";"1";"4";"3";"4";"1";"3";"2"
"64260";"Nouvelle-Aquitaine";"Hendaye";"18254";"15";"54";"6";"2";"Hendaye";"3";"1";"0";"3";"0";"3";"1";"3";"1"
"64348";"Nouvelle-Aquitaine";"Lons";"14188";"10";"14";"2";"1";"Lons";"7";"2";"0";"1";"4";"4";"2";"5";"2"
"64422";"Nouvelle-Aquitaine";"Oloron-Sainte-Marie";"11273";"18";"40";"7";"4";"Oloron-Sainte-Marie";"4";"2";"2";"4";"5";"3";"3";"5";"3"
"64430";"Nouvelle-Aquitaine";"Orthez";"11322";"9";"17";"5";"2";"Orthez";"6";"3";"1";"4";"5";"5";"2";"2";"4"
"64483";"Nouvelle-Aquitaine";"Saint-Jean-de-Luz";"15007";"42";"66";"8";"1";"Saint-Jean-de-Luz";"2";"1";"2";"3";"4";"2";"3";"8";"3"
"64545";"Nouvelle-Aquitaine";"Urrugne";"10704";"12";"26";"3";"0";"Urrugne";"0";"0";"0";"2";"1";"2";"1";"1";"1"
"65286";"Occitanie";"Lourdes";"13804";"24";"23";"10";"1";"Lourdes";"2";"2";"1";"4";"5";"3";"1";"2";"4"
"66008";"Occitanie";"Argelès-sur-Mer";"11088";"14";"44";"6";"5";"Argelès-sur-Mer";"2";"3";"0";"2";"3";"3";"2";"2";"2"
"66028";"Occitanie";"Cabestany";"10554";"39";"51";"6";"7";"Cabestany";"2";"1";"0";"1";"3";"1";"1";"5";"2"
"66037";"Occitanie";"Canet-en-Roussillon";"12862";"11";"33";"3";"2";"Canet-en-Roussillon";"4";"3";"0";"9";"2";"2";"1";"2";"3"
"66141";"Occitanie";"Pia";"10830";"6";"10";"1";"0";"Pia";"1";"1";"0";"1";"0";"1";"2";"1";"0"
"66171";"Occitanie";"Saint-Cyprien";"11543";"8";"28";"2";"3";"Saint-Cyprien";"5";"2";"0";"1";"1";"1";"1";"1";"3"
"66172";"Occitanie";"Saint-Estève";"11707";"14";"35";"4";"7";"Saint-Estève";"2";"1";"1";"5";"4";"4";"1";"3";"2"
"66180";"Occitanie";"Saint-Laurent-de-la-Salanque";"10135";"11";"18";"7";"1";"Saint-Laurent-de-la-Salanque";"2";"2";"1";"1";"1";"2";"2";"1";"2"
"67043";"Grand Est";"Bischheim";"18162";"17";"20";"1";"0";"Bischheim";"0";"0";"1";"8";"1";"3";"1";"1";"5"
"67046";"Grand Est";"Bischwiller";"12570";"12";"15";"4";"0";"Bischwiller";"1";"1";"2";"3";"4";"2";"1";"1";"6"
"67067";"Grand Est";"Brumath";"10342";"11";"22";"3";"1";"Brumath";"0";"1";"1";"1";"1";"1";"2";"2";"2"
"67130";"Grand Est";"Erstein";"11001";"14";"10";"3";"0";"Erstein";"2";"1";"0";"3";"1";"2";"1";"3";"3"
"67204";"Grand Est";"Hœnheim";"11552";"8";"23";"2";"1";"Hœnheim";"0";"1";"0";"0";"2";"2";"1";"0";"2"
"67348";"Grand Est";"Obernai";"12683";"19";"34";"6";"1";"Obernai";"1";"1";"1";"1";"1";"2";"1";"1";"7"
"67365";"Grand Est";"Ostwald";"13456";"15";"27";"4";"1";"Ostwald";"2";"1";"0";"2";"1";"1";"1";"1";"2"
"67437";"Grand Est";"Saverne";"11662";"19";"29";"8";"3";"Saverne";"1";"2";"1";"7";"5";"4";"1";"1";"5"
"67462";"Grand Est";"Sélestat";"19551";"25";"37";"8";"3";"Sélestat";"1";"2";"2";"3";"3";"2";"1";"2";"4"
"68063";"Grand Est";"Cernay";"11952";"17";"18";"3";"2";"Cernay";"4";"1";"1";"3";"1";"4";"2";"1";"3"
"68112";"Grand Est";"Guebwiller";"11427";"7";"12";"1";"0";"Guebwiller";"0";"2";"1";"1";"3";"1";"1";"2";"4"
"68154";"Grand Est";"Illzach";"15050";"10";"10";"2";"0";"Illzach";"1";"1";"1";"9";"3";"6";"1";"2";"4"
"68166";"Grand Est";"Kingersheim";"13357";"8";"13";"2";"0";"Kingersheim";"1";"1";"3";"11";"2";"4";"1";"3";"4"
"68256";"Grand Est";"Pfastatt";"10370";"4";"7";"1";"1";"Pfastatt";"1";"1";"1";"4";"2";"2";"1";"1";"2"
"68271";"Grand Est";"Riedisheim";"12446";"9";"17";"3";"1";"Riedisheim";"2";"2";"1";"5";"3";"3";"1";"1";"4"
"68278";"Grand Est";"Rixheim";"14017";"10";"30";"3";"1";"Rixheim";"2";"4";"1";"6";"3";"4";"3";"1";"5"
"68375";"Grand Est";"Wittelsheim";"10465";"4";"7";"6";"1";"Wittelsheim";"5";"1";"0";"6";"2";"9";"1";"1";"4"
"68376";"Grand Est";"Wittenheim";"15396";"10";"12";"2";"0";"Wittenheim";"1";"2";"1";"4";"2";"7";"2";"5";"7"
"69019";"Auvergne-Rhône-Alpes";"Belleville-en-Beaujolais";"13819";"13";"16";"6";"3";"Belleville-en-Beaujolais";"2";"1";"2";"5";"2";"4";"2";"1";"4"
"69027";"Auvergne-Rhône-Alpes";"Brignais";"12582";"13";"17";"9";"2";"Brignais";"3";"1";"0";"2";"3";"4";"3";"1";"2"
"69069";"Auvergne-Rhône-Alpes";"Craponne";"12108";"14";"39";"8";"1";"Craponne";"2";"1";"1";"1";"2";"2";"1";"0";"2"
"69081";"Auvergne-Rhône-Alpes";"Écully";"18687";"31";"37";"5";"4";"Écully";"3";"4";"1";"4";"0";"2";"1";"3";"7"
"69089";"Auvergne-Rhône-Alpes";"Francheville";"15414";"9";"36";"4";"2";"Francheville";"1";"5";"1";"2";"3";"2";"1";"1";"2"
"69199";"Auvergne-Rhône-Alpes";"Saint-Fons";"19415";"10";"11";"1";"0";"Saint-Fons";"2";"1";"2";"5";"3";"3";"2";"0";"5"
"69243";"Auvergne-Rhône-Alpes";"Tarare";"10677";"7";"6";"4";"2";"Tarare";"5";"1";"1";"5";"4";"2";"3";"1";"2"
"69271";"Auvergne-Rhône-Alpes";"Chassieu";"11244";"9";"12";"1";"0";"Chassieu";"2";"1";"2";"3";"2";"3";"2";"1";"3"
"69273";"Auvergne-Rhône-Alpes";"Corbas";"11011";"28";"6";"3";"2";"Corbas";"1";"1";"0";"2";"2";"1";"2";"1";"3"
"69277";"Auvergne-Rhône-Alpes";"Genas";"13744";"10";"14";"5";"6";"Genas";"3";"2";"0";"1";"2";"5";"1";"4";"1"
"69283";"Auvergne-Rhône-Alpes";"Mions";"13857";"12";"19";"5";"2";"Mions";"0";"1";"0";"2";"2";"2";"2";"1";"2"
"70285";"Bourgogne-Franche-Comté";"Héricourt";"10775";"13";"7";"2";"0";"Héricourt";"2";"1";"2";"7";"3";"9";"1";"1";"3"
"70550";"Bourgogne-Franche-Comté";"Vesoul";"15892";"21";"23";"13";"3";"Vesoul";"2";"0";"1";"6";"5";"4";"3";"4";"8"
"71014";"Bourgogne-Franche-Comté";"Autun";"14136";"16";"17";"5";"0";"Autun";"4";"5";"4";"6";"5";"4";"1";"4";"9"
"71306";"Bourgogne-Franche-Comté";"Montceau-les-Mines";"17093";"12";"19";"4";"1";"Montceau-les-Mines";"2";"1";"1";"7";"5";"6";"2";"6";"5"
"72003";"Pays de la Loire";"Allonnes";"11126";"9";"2";"1";"0";"Allonnes";"2";"1";"3";"7";"4";"4";"3";"1";"4"
"72154";"Pays de la Loire";"La Flèche";"16007";"10";"12";"5";"0";"La Flèche";"18";"4";"3";"7";"9";"8";"3";"5";"6"
"72264";"Pays de la Loire";"Sablé-sur-Sarthe";"12564";"13";"10";"3";"3";"Sablé-sur-Sarthe";"7";"2";"4";"8";"5";"3";"1";"3";"5"
"73179";"Auvergne-Rhône-Alpes";"La Motte-Servolex";"12941";"13";"22";"4";"3";"La Motte-Servolex";"1";"1";"0";"2";"4";"1";"1";"1";"4"
"74042";"Auvergne-Rhône-Alpes";"Bonneville";"13326";"13";"17";"4";"2";"Bonneville";"1";"1";"1";"3";"0";"3";"1";"0";"3"
"74081";"Auvergne-Rhône-Alpes";"Cluses";"17525";"14";"32";"9";"2";"Cluses";"1";"1";"0";"0";"1";"2";"2";"2";"4"
"74133";"Auvergne-Rhône-Alpes";"Gaillard";"10285";"4";"2";"3";"0";"Gaillard";"1";"0";"0";"1";"0";"1";"1";"1";"2"
"74208";"Auvergne-Rhône-Alpes";"Passy";"11488";"12";"17";"1";"2";"Passy";"1";"1";"1";"1";"2";"1";"1";"0";"2"
"74224";"Auvergne-Rhône-Alpes";"La Roche-sur-Foron";"11639";"6";"17";"5";"3";"La Roche-sur-Foron";"0";"1";"1";"2";"4";"2";"2";"2";"3"
"74225";"Auvergne-Rhône-Alpes";"Rumilly";"16460";"13";"37";"5";"2";"Rumilly";"1";"1";"1";"2";"3";"4";"2";"2";"5"
"74243";"Auvergne-Rhône-Alpes";"Saint-Julien-en-Genevois";"16051";"10";"10";"5";"3";"Saint-Julien-en-Genevois";"1";"1";"1";"2";"2";"3";"2";"0";"4"
"74256";"Auvergne-Rhône-Alpes";"Sallanches";"17600";"20";"42";"7";"4";"Sallanches";"1";"1";"0";"2";"4";"4";"1";"1";"2"
"74298";"Auvergne-Rhône-Alpes";"Vétraz-Monthoux";"10081";"2";"11";"1";"1";"Vétraz-Monthoux";"0";"0";"0";"1";"0";"3";"0";"0";"2"
"76057";"Normandie";"Barentin";"12392";"16";"13";"2";"2";"Barentin";"3";"0";"2";"4";"2";"2";"0";"1";"3"
"76108";"Normandie";"Bois-Guillaume";"14623";"18";"32";"6";"2";"Bois-Guillaume";"1";"2";"0";"1";"2";"2";"1";"1";"3"
"76114";"Normandie";"Bolbec";"11782";"5";"9";"3";"1";"Bolbec";"1";"1";"1";"0";"2";"5";"1";"0";"6"
"76157";"Normandie";"Canteleu";"14326";"12";"4";"3";"0";"Canteleu";"2";"2";"2";"4";"2";"5";"1";"1";"4"
"76165";"Normandie";"Caudebec-lès-Elbeuf";"10204";"3";"3";"0";"0";"Caudebec-lès-Elbeuf";"1";"1";"2";"2";"2";"4";"2";"2";"2"
"76216";"Normandie";"Déville-lès-Rouen";"10807";"9";"11";"3";"0";"Déville-lès-Rouen";"1";"2";"0";"1";"1";"2";"3";"0";"3"
"76231";"Normandie";"Elbeuf";"16089";"20";"5";"5";"1";"Elbeuf";"2";"2";"0";"5";"2";"4";"2";"1";"8"
"76259";"Normandie";"Fécamp";"18285";"15";"15";"6";"4";"Fécamp";"2";"2";"1";"3";"2";"3";"1";"2";"7"
"76410";"Normandie";"Maromme";"11146";"16";"10";"5";"0";"Maromme";"2";"1";"1";"2";"1";"2";"1";"1";"2"
"76447";"Normandie";"Montivilliers";"15660";"9";"10";"2";"1";"Montivilliers";"1";"1";"4";"9";"2";"3";"2";"0";"3"
"76476";"Normandie";"Port-Jérôme-sur-Seine";"10559";"7";"6";"3";"1";"Port-Jérôme-sur-Seine";"7";"2";"3";"7";"2";"4";"2";"3";"4"
"76484";"Normandie";"Oissel";"12450";"9";"3";"5";"0";"Oissel";"3";"3";"3";"8";"2";"3";"2";"2";"4"
"76758";"Normandie";"Yvetot";"11593";"23";"14";"6";"3";"Yvetot";"1";"1";"3";"2";"1";"2";"1";"0";"3"
"77014";"Île-de-France";"Avon";"13894";"13";"13";"3";"1";"Avon";"0";"1";"1";"4";"3";"0";"1";"2";"3"
"77053";"Île-de-France";"Brie-Comte-Robert";"19478";"21";"15";"4";"2";"Brie-Comte-Robert";"2";"1";"2";"3";"4";"2";"1";"4";"5"
"77067";"Île-de-France";"Cesson";"11250";"8";"6";"2";"1";"Cesson";"0";"1";"0";"1";"1";"3";"1";"0";"2"
"77118";"Île-de-France";"Claye-Souilly";"12372";"8";"12";"3";"1";"Claye-Souilly";"1";"1";"0";"1";"1";"1";"2";"1";"3"
"77131";"Île-de-France";"Coulommiers";"15455";"15";"10";"6";"2";"Coulommiers";"1";"1";"3";"4";"3";"2";"3";"3";"3"
"77153";"Île-de-France";"Dammartin-en-Goële";"11363";"6";"5";"4";"0";"Dammartin-en-Goële";"1";"1";"2";"3";"0";"2";"1";"1";"3"
"77186";"Île-de-France";"Fontainebleau";"16440";"34";"35";"10";"5";"Fontainebleau";"1";"3";"2";"2";"2";"4";"2";"2";"6"
"77251";"Île-de-France";"Lieusaint";"13889";"12";"13";"4";"1";"Lieusaint";"1";"1";"1";"4";"1";"2";"1";"0";"3"
"77258";"Île-de-France";"Lognes";"14698";"9";"4";"2";"2";"Lognes";"1";"2";"1";"5";"2";"1";"2";"1";"3"
"77296";"Île-de-France";"Moissy-Cramayel";"18390";"17";"7";"3";"0";"Moissy-Cramayel";"1";"1";"1";"11";"1";"3";"1";"1";"4"
"77307";"Île-de-France";"Montévrain";"14024";"3";"14";"7";"2";"Montévrain";"1";"2";"0";"4";"1";"2";"1";"2";"1"
"77316";"Île-de-France";"Moret-Loing-et-Orvanne";"12898";"9";"11";"5";"3";"Moret-Loing-et-Orvanne";"4";"4";"0";"3";"1";"4";"3";"1";"2"
"77333";"Île-de-France";"Nemours";"13338";"14";"12";"4";"3";"Nemours";"0";"0";"1";"3";"1";"1";"2";"2";"3"
"77337";"Île-de-France";"Noisiel";"15558";"11";"10";"2";"0";"Noisiel";"0";"1";"0";"0";"3";"3";"4";"1";"5"
"77379";"Île-de-France";"Provins";"12268";"13";"11";"4";"3";"Provins";"3";"2";"1";"4";"1";"2";"1";"2";"5"
"77407";"Île-de-France";"Saint-Fargeau-Ponthierry";"14621";"4";"6";"7";"1";"Saint-Fargeau-Ponthierry";"1";"2";"0";"3";"3";"3";"1";"0";"1"
"77464";"Île-de-France";"Thorigny-sur-Marne";"10510";"7";"10";"3";"1";"Thorigny-sur-Marne";"0";"1";"0";"1";"2";"1";"1";"1";"1"
"77479";"Île-de-France";"Vaires-sur-Marne";"13636";"2";"7";"3";"1";"Vaires-sur-Marne";"1";"2";"1";"6";"2";"2";"1";"2";"2"
"77487";"Île-de-France";"Vaux-le-Pénil";"11326";"2";"4";"1";"0";"Vaux-le-Pénil";"0";"1";"1";"2";"1";"2";"2";"0";"3"
"78015";"Île-de-France";"Andrésy";"13372";"14";"15";"4";"1";"Andrésy";"0";"1";"1";"1";"1";"1";"2";"1";"2"
"78029";"Île-de-France";"Aubergenville";"12398";"17";"4";"2";"1";"Aubergenville";"1";"3";"1";"0";"2";"3";"2";"2";"3"
"78073";"Île-de-France";"Bois-d'Arcy";"15582";"13";"17";"4";"1";"Bois-d'Arcy";"1";"1";"1";"1";"2";"2";"1";"1";"4"
"78123";"Île-de-France";"Carrières-sous-Poissy";"18431";"8";"16";"3";"1";"Carrières-sous-Poissy";"1";"2";"1";"2";"3";"4";"2";"1";"4"
"78124";"Île-de-France";"Carrières-sur-Seine";"15256";"5";"8";"3";"2";"Carrières-sur-Seine";"0";"2";"0";"1";"4";"3";"2";"0";"4"
"78138";"Île-de-France";"Chanteloup-les-Vignes";"10802";"4";"1";"0";"0";"Chanteloup-les-Vignes";"1";"1";"0";"3";"2";"1";"2";"1";"1"
"78165";"Île-de-France";"Les Clayes-sous-Bois";"17458";"8";"1";"3";"3";"Les Clayes-sous-Bois";"1";"1";"1";"4";"2";"2";"2";"2";"3"
"78190";"Île-de-France";"Croissy-sur-Seine";"10663";"7";"9";"3";"1";"Croissy-sur-Seine";"1";"1";"1";"0";"1";"1";"1";"0";"2"
"78242";"Île-de-France";"Fontenay-le-Fleury";"13619";"7";"8";"6";"1";"Fontenay-le-Fleury";"1";"1";"0";"1";"1";"1";"1";"0";"3"
"78335";"Île-de-France";"Limay";"17718";"6";"6";"3";"0";"Limay";"2";"1";"1";"5";"2";"3";"1";"0";"3"
"78372";"Île-de-France";"Marly-le-Roi";"17010";"32";"17";"6";"4";"Marly-le-Roi";"1";"1";"1";"2";"3";"2";"2";"1";"3"
"78383";"Île-de-France";"Maurepas";"18811";"9";"15";"5";"2";"Maurepas";"1";"1";"2";"3";"4";"1";"2";"1";"2"
"78418";"Île-de-France";"Montesson";"14740";"12";"11";"6";"1";"Montesson";"2";"2";"3";"2";"1";"4";"3";"1";"3"
"78481";"Île-de-France";"Le Pecq";"16121";"9";"9";"3";"1";"Le Pecq";"2";"1";"0";"3";"2";"1";"2";"2";"3"
"78624";"Île-de-France";"Triel-sur-Seine";"12573";"7";"6";"3";"0";"Triel-sur-Seine";"1";"1";"0";"2";"2";"2";"1";"0";"1"
"78642";"Île-de-France";"Verneuil-sur-Seine";"16233";"10";"16";"5";"0";"Verneuil-sur-Seine";"2";"2";"1";"1";"0";"2";"2";"0";"3"
"78643";"Île-de-France";"Vernouillet";"10214";"4";"5";"1";"1";"Vernouillet";"0";"2";"2";"1";"1";"1";"1";"1";"2"
"78650";"Île-de-France";"Le Vésinet";"16117";"15";"39";"6";"3";"Le Vésinet";"0";"0";"0";"0";"1";"0";"0";"1";"2"
"78674";"Île-de-France";"Villepreux";"11316";"8";"15";"4";"3";"Villepreux";"0";"1";"1";"1";"2";"1";"1";"1";"2"
"78686";"Île-de-France";"Viroflay";"17322";"11";"8";"6";"1";"Viroflay";"0";"1";"1";"1";"2";"1";"1";"1";"1"
"78688";"Île-de-France";"Voisins-le-Bretonneux";"11101";"8";"12";"6";"2";"Voisins-le-Bretonneux";"0";"2";"2";"5";"1";"3";"2";"0";"1"
"79202";"Nouvelle-Aquitaine";"Parthenay";"10435";"9";"21";"5";"1";"Parthenay";"2";"2";"1";"3";"4";"4";"1";"1";"3"
"79329";"Nouvelle-Aquitaine";"Thouars";"14292";"15";"13";"4";"1";"Thouars";"6";"4";"2";"2";"4";"7";"1";"2";"6"
"81060";"Occitanie";"Carmaux";"10060";"6";"13";"6";"0";"Carmaux";"4";"1";"1";"1";"2";"3";"1";"3";"2"
"81099";"Occitanie";"Gaillac";"16008";"22";"22";"5";"3";"Gaillac";"2";"2";"3";"6";"4";"6";"3";"5";"2"
"81105";"Occitanie";"Graulhet";"13388";"7";"9";"2";"2";"Graulhet";"2";"1";"1";"1";"2";"4";"1";"3";"2"
"81140";"Occitanie";"Lavaur";"11214";"12";"24";"5";"3";"Lavaur";"2";"2";"1";"1";"1";"3";"3";"4";"2"
"81163";"Occitanie";"Mazamet";"10471";"12";"11";"6";"1";"Mazamet";"2";"1";"2";"5";"3";"4";"1";"2";"4"
"82033";"Occitanie";"Castelsarrasin";"14434";"6";"11";"4";"1";"Castelsarrasin";"2";"1";"3";"2";"3";"5";"1";"4";"3"
"82112";"Occitanie";"Moissac";"14055";"12";"19";"4";"1";"Moissac";"4";"1";"1";"2";"1";"4";"4";"3";"4"
"83016";"Provence-Alpes-Côte d'Azur";"Le Beausset";"10188";"11";"25";"3";"0";"Le Beausset";"1";"0";"1";"1";"2";"2";"2";"1";"1"
"83023";"Provence-Alpes-Côte d'Azur";"Brignoles";"17993";"13";"33";"5";"2";"Brignoles";"1";"1";"0";"4";"3";"2";"0";"5";"3"
"83042";"Provence-Alpes-Côte d'Azur";"Cogolin";"11953";"9";"23";"3";"1";"Cogolin";"1";"1";"1";"3";"3";"1";"1";"2";"2"
"83047";"Provence-Alpes-Côte d'Azur";"La Crau";"19590";"25";"48";"6";"3";"La Crau";"2";"4";"0";"4";"1";"5";"2";"4";"3"
"83049";"Provence-Alpes-Côte d'Azur";"Cuers";"12688";"9";"19";"3";"1";"Cuers";"1";"1";"1";"1";"2";"1";"2";"0";"1"
"83071";"Provence-Alpes-Côte d'Azur";"La Londe-les-Maures";"11577";"12";"29";"4";"0";"La Londe-les-Maures";"2";"3";"2";"3";"0";"2";"1";"2";"3"
"83073";"Provence-Alpes-Côte d'Azur";"Le Luc";"11162";"6";"6";"1";"1";"Le Luc";"2";"1";"0";"3";"1";"2";"2";"0";"1"
"83090";"Provence-Alpes-Côte d'Azur";"Ollioules";"14278";"25";"59";"4";"0";"Ollioules";"1";"2";"1";"5";"2";"4";"3";"3";"3"
"83098";"Provence-Alpes-Côte d'Azur";"Le Pradet";"10907";"15";"36";"6";"0";"Le Pradet";"3";"3";"1";"5";"2";"3";"0";"2";"1"
"83107";"Provence-Alpes-Côte d'Azur";"Roquebrune-sur-Argens";"14672";"14";"20";"5";"0";"Roquebrune-sur-Argens";"2";"7";"0";"5";"2";"2";"2";"3";"1"
"83112";"Provence-Alpes-Côte d'Azur";"Saint-Cyr-sur-Mer";"12344";"17";"50";"7";"2";"Saint-Cyr-sur-Mer";"3";"2";"1";"2";"1";"4";"1";"1";"2"
"83115";"Provence-Alpes-Côte d'Azur";"Sainte-Maxime";"14615";"15";"31";"8";"1";"Sainte-Maxime";"2";"2";"1";"1";"1";"2";"2";"3";"2"
"83116";"Provence-Alpes-Côte d'Azur";"Saint-Maximin-la-Sainte-Baume";"18145";"17";"31";"6";"3";"Saint-Maximin-la-Sainte-Baume";"1";"2";"4";"6";"4";"1";"2";"3";"5"
"83123";"Provence-Alpes-Côte d'Azur";"Sanary-sur-Mer";"17526";"21";"55";"7";"3";"Sanary-sur-Mer";"1";"2";"1";"2";"1";"2";"1";"2";"4"
"83130";"Provence-Alpes-Côte d'Azur";"Solliès-Pont";"12228";"9";"16";"4";"1";"Solliès-Pont";"1";"1";"1";"4";"1";"4";"0";"2";"1"
"83148";"Provence-Alpes-Côte d'Azur";"Vidauban";"12720";"4";"12";"2";"1";"Vidauban";"2";"2";"1";"4";"1";"2";"1";"1";"1"
"84003";"Provence-Alpes-Côte d'Azur";"Apt";"10774";"13";"16";"4";"0";"Apt";"3";"3";"1";"4";"0";"6";"1";"5";"2"
"84019";"Provence-Alpes-Côte d'Azur";"Bollène";"13801";"8";"13";"3";"2";"Bollène";"3";"1";"2";"3";"1";"5";"2";"2";"3"
"84080";"Provence-Alpes-Côte d'Azur";"Monteux";"13377";"10";"15";"3";"2";"Monteux";"1";"1";"0";"2";"4";"4";"1";"0";"2"
"84088";"Provence-Alpes-Côte d'Azur";"Pernes-les-Fontaines";"10891";"11";"17";"5";"5";"Pernes-les-Fontaines";"2";"1";"0";"2";"2";"4";"1";"0";"1"
"84092";"Provence-Alpes-Côte d'Azur";"Le Pontet";"17687";"26";"22";"2";"3";"Le Pontet";"2";"2";"1";"5";"4";"11";"1";"4";"4"
"84129";"Provence-Alpes-Côte d'Azur";"Sorgues";"19346";"12";"21";"2";"4";"Sorgues";"1";"3";"3";"5";"3";"7";"2";"3";"5"
"84141";"Provence-Alpes-Côte d'Azur";"Vedène";"11810";"8";"18";"2";"1";"Vedène";"2";"1";"0";"4";"1";"2";"2";"1";"2"
"85003";"Pays de la Loire";"Aizenay";"10350";"5";"11";"3";"0";"Aizenay";"3";"2";"1";"1";"2";"3";"1";"0";"2"
"85092";"Pays de la Loire";"Fontenay-le-Comte";"14123";"12";"15";"7";"1";"Fontenay-le-Comte";"1";"2";"2";"2";"4";"3";"3";"4";"6"
"85109";"Pays de la Loire";"Les Herbiers";"16995";"15";"17";"6";"5";"Les Herbiers";"3";"1";"2";"2";"7";"3";"2";"4";"4"
"85226";"Pays de la Loire";"Saint-Hilaire-de-Riez";"12937";"5";"15";"5";"2";"Saint-Hilaire-de-Riez";"1";"1";"0";"2";"1";"3";"2";"3";"1"
"86041";"Nouvelle-Aquitaine";"Buxerolles";"10235";"10";"10";"3";"2";"Buxerolles";"0";"2";"0";"2";"4";"3";"2";"2";"3"
"87114";"Nouvelle-Aquitaine";"Panazol";"11264";"6";"12";"3";"0";"Panazol";"2";"1";"2";"0";"2";"2";"1";"0";"2"
"87154";"Nouvelle-Aquitaine";"Saint-Junien";"11691";"14";"17";"4";"4";"Saint-Junien";"0";"1";"2";"1";"4";"4";"2";"3";"4"
"88413";"Grand Est";"Saint-Dié-des-Vosges";"19773";"24";"23";"7";"3";"Saint-Dié-des-Vosges";"3";"2";"2";"7";"4";"10";"1";"2";"4"
"91021";"Île-de-France";"Arpajon";"11382";"10";"15";"6";"2";"Arpajon";"1";"0";"1";"2";"2";"0";"1";"1";"3"
"91086";"Île-de-France";"Bondoufle";"10969";"5";"4";"3";"1";"Bondoufle";"1";"1";"2";"3";"2";"2";"2";"1";"2"
"91200";"Île-de-France";"Dourdan";"11471";"9";"16";"5";"1";"Dourdan";"4";"1";"1";"6";"2";"3";"2";"1";"3"
"91215";"Île-de-France";"Épinay-sous-Sénart";"11949";"13";"5";"2";"1";"Épinay-sous-Sénart";"1";"1";"1";"3";"3";"2";"2";"1";"1"
"91216";"Île-de-France";"Épinay-sur-Orge";"10870";"5";"5";"1";"1";"Épinay-sur-Orge";"1";"2";"1";"0";"2";"2";"1";"2";"2"
"91235";"Île-de-France";"Fleury-Mérogis";"13997";"5";"2";"0";"0";"Fleury-Mérogis";"2";"1";"1";"3";"2";"2";"1";"2";"2"
"91312";"Île-de-France";"Igny";"10518";"4";"6";"2";"0";"Igny";"1";"2";"0";"1";"2";"2";"2";"0";"3"
"91326";"Île-de-France";"Juvisy-sur-Orge";"18533";"10";"14";"6";"5";"Juvisy-sur-Orge";"3";"0";"0";"2";"1";"0";"1";"0";"2"
"91386";"Île-de-France";"Mennecy";"15962";"5";"8";"7";"1";"Mennecy";"2";"1";"0";"2";"1";"2";"1";"1";"3"
"91432";"Île-de-France";"Morangis";"13289";"9";"7";"2";"1";"Morangis";"0";"1";"1";"3";"0";"1";"1";"1";"2"
"91471";"Île-de-France";"Orsay";"16352";"15";"8";"6";"3";"Orsay";"1";"3";"1";"4";"1";"1";"1";"0";"3"
"91552";"Île-de-France";"Saint-Germain-lès-Arpajon";"11389";"1";"3";"1";"2";"Saint-Germain-lès-Arpajon";"1";"1";"1";"2";"2";"3";"1";"1";"1"
"91573";"Île-de-France";"Saint-Pierre-du-Perray";"11792";"4";"9";"1";"1";"Saint-Pierre-du-Perray";"2";"2";"1";"3";"1";"1";"1";"1";"2"
"91645";"Île-de-France";"Verrières-le-Buisson";"14886";"11";"16";"4";"4";"Verrières-le-Buisson";"3";"1";"2";"4";"2";"3";"2";"3";"2"
"91661";"Île-de-France";"Villebon-sur-Yvette";"10494";"3";"7";"4";"1";"Villebon-sur-Yvette";"2";"2";"1";"4";"1";"2";"2";"3";"1"
"92033";"Île-de-France";"Garches";"18311";"10";"18";"7";"2";"Garches";"0";"2";"0";"0";"2";"0";"2";"2";"3"
"92077";"Île-de-France";"Ville-d'Avray";"10954";"5";"8";"1";"1";"Ville-d'Avray";"1";"1";"1";"1";"2";"1";"1";"0";"1"
"93013";"Île-de-France";"Le Bourget";"14870";"12";"6";"1";"0";"Le Bourget";"1";"1";"2";"2";"2";"1";"1";"2";"2"
"93030";"Île-de-France";"Dugny";"11368";"4";"2";"1";"0";"Dugny";"1";"1";"1";"4";"2";"1";"1";"0";"2"
"93061";"Île-de-France";"Le Pré-Saint-Gervais";"16913";"13";"8";"2";"1";"Le Pré-Saint-Gervais";"2";"2";"0";"1";"3";"0";"1";"2";"2"
"93062";"Île-de-France";"Le Raincy";"15066";"21";"13";"11";"2";"Le Raincy";"1";"1";"2";"2";"0";"0";"3";"3";"4"
"93079";"Île-de-France";"Villetaneuse";"12752";"7";"1";"0";"0";"Villetaneuse";"2";"1";"2";"2";"3";"2";"2";"1";"4"
"94004";"Île-de-France";"Boissy-Saint-Léger";"17607";"11";"7";"2";"1";"Boissy-Saint-Léger";"1";"2";"0";"3";"3";"1";"2";"0";"2"
"94011";"Île-de-France";"Bonneuil-sur-Marne";"18814";"11";"9";"2";"3";"Bonneuil-sur-Marne";"4";"1";"2";"4";"1";"1";"1";"1";"4"
"94015";"Île-de-France";"Bry-sur-Marne";"17720";"22";"17";"5";"1";"Bry-sur-Marne";"2";"1";"2";"3";"0";"1";"1";"0";"2"
"94019";"Île-de-France";"Chennevières-sur-Marne";"18468";"6";"9";"3";"0";"Chennevières-sur-Marne";"1";"2";"0";"2";"4";"3";"2";"1";"5"
"94037";"Île-de-France";"Gentilly";"19160";"10";"4";"2";"1";"Gentilly";"2";"1";"1";"3";"0";"1";"2";"2";"3"
"94055";"Île-de-France";"Ormesson-sur-Marne";"10625";"9";"5";"1";"1";"Ormesson-sur-Marne";"1";"1";"0";"1";"3";"1";"1";"1";"2"
"94060";"Île-de-France";"La Queue-en-Brie";"12196";"7";"3";"1";"2";"La Queue-en-Brie";"2";"1";"1";"5";"2";"3";"1";"0";"2"
"94069";"Île-de-France";"Saint-Maurice";"14703";"8";"14";"3";"1";"Saint-Maurice";"1";"2";"1";"1";"1";"1";"1";"2";"2"
"94074";"Île-de-France";"Valenton";"14530";"9";"13";"0";"1";"Valenton";"1";"0";"1";"7";"1";"1";"1";"0";"4"
"94075";"Île-de-France";"Villecresnes";"11718";"7";"13";"3";"2";"Villecresnes";"4";"2";"1";"1";"1";"3";"1";"1";"2"
"95019";"Île-de-France";"Arnouville";"14658";"12";"9";"2";"1";"Arnouville";"1";"1";"1";"3";"2";"3";"2";"2";"2"
"95199";"Île-de-France";"Domont";"16244";"19";"20";"6";"1";"Domont";"1";"1";"1";"3";"4";"3";"1";"2";"4"
"95210";"Île-de-France";"Enghien-les-Bains";"11584";"19";"29";"6";"3";"Enghien-les-Bains";"1";"0";"0";"1";"2";"0";"2";"4";"1"
"95218";"Île-de-France";"Éragny";"18597";"8";"8";"2";"4";"Éragny";"2";"2";"1";"7";"3";"3";"2";"0";"2"
"95313";"Île-de-France";"L'Isle-Adam";"12029";"16";"25";"9";"2";"L'Isle-Adam";"3";"1";"1";"3";"2";"1";"1";"1";"1"
"95323";"Île-de-France";"Jouy-le-Moutier";"17301";"13";"7";"1";"1";"Jouy-le-Moutier";"5";"4";"3";"15";"2";"7";"1";"2";"2"
"95351";"Île-de-France";"Louvres";"12163";"10";"4";"2";"2";"Louvres";"2";"1";"1";"4";"2";"2";"2";"0";"2"
"95394";"Île-de-France";"Méry-sur-Oise";"10117";"2";"15";"1";"0";"Méry-sur-Oise";"2";"1";"1";"2";"1";"2";"1";"0";"1"
"95427";"Île-de-France";"Montmagny";"14831";"10";"4";"2";"1";"Montmagny";"0";"1";"1";"4";"2";"2";"1";"1";"4"
"95476";"Île-de-France";"Osny";"17468";"15";"4";"4";"1";"Osny";"3";"2";"4";"5";"2";"7";"1";"3";"6"
"95487";"Île-de-France";"Persan";"14048";"5";"4";"1";"1";"Persan";"1";"0";"1";"1";"1";"2";"1";"0";"1"
"95488";"Île-de-France";"Pierrelaye";"10037";"5";"8";"2";"0";"Pierrelaye";"2";"1";"1";"4";"2";"1";"1";"1";"1"
"95539";"Île-de-France";"Saint-Brice-sous-Forêt";"15286";"10";"11";"2";"3";"Saint-Brice-sous-Forêt";"2";"1";"1";"3";"2";"3";"1";"1";"3"
"95563";"Île-de-France";"Saint-Leu-la-Forêt";"16131";"10";"15";"9";"1";"Saint-Leu-la-Forêt";"1";"2";"1";"5";"1";"2";"1";"1";"2"
"95598";"Île-de-France";"Soisy-sous-Montmorency";"18168";"14";"13";"6";"1";"Soisy-sous-Montmorency";"0";"1";"1";"1";"1";"2";"1";"1";"2"
"95637";"Île-de-France";"Vauréal";"16211";"10";"6";"4";"2";"Vauréal";"2";"3";"1";"4";"1";"5";"3";"0";"3"
"97107";"Guadeloupe";"Capesterre-Belle-Eau";"17888";"8";"23";"0";"0";"Capesterre-Belle-Eau";"5";"1";"1";"7";"0";"12";"0";"1";"1"
"97115";"Guadeloupe";"Lamentin";"18804";"8";"15";"5";"1";"Lamentin";"0";"1";"1";"2";"0";"8";"1";"0";"1"
"97116";"Guadeloupe";"Morne-à-l'Eau";"16089";"8";"26";"2";"0";"Morne-à-l'Eau";"0";"0";"1";"5";"0";"9";"2";"0";"1"
"97120";"Guadeloupe";"Pointe-à-Pitre";"14576";"27";"50";"5";"2";"Pointe-à-Pitre";"1";"3";"0";"7";"1";"5";"1";"3";"4"
"97124";"Guadeloupe";"Saint-Claude";"10900";"5";"8";"2";"1";"Saint-Claude";"5";"2";"0";"8";"2";"4";"0";"3";"2"
"97125";"Guadeloupe";"Saint-François";"13150";"19";"30";"3";"1";"Saint-François";"1";"2";"1";"5";"0";"7";"1";"3";"1"
"97129";"Guadeloupe";"Sainte-Rose";"17878";"9";"14";"4";"0";"Sainte-Rose";"2";"1";"1";"10";"0";"10";"0";"0";"1"
"97207";"Martinique";"Ducos";"18166";"10";"22";"4";"1";"Ducos";"3";"1";"3";"9";"0";"8";"0";"1";"1"
"97210";"Martinique";"Le François";"16146";"13";"28";"2";"0";"Le François";"4";"1";"1";"3";"1";"11";"1";"0";"1"
"97220";"Martinique";"Rivière-Pilote";"11830";"9";"18";"1";"0";"Rivière-Pilote";"1";"0";"1";"5";"0";"7";"0";"0";"0"
"97221";"Martinique";"Rivière-Salée";"12108";"8";"37";"3";"0";"Rivière-Salée";"5";"1";"1";"4";"1";"6";"1";"1";"2"
"97223";"Martinique";"Saint-Esprit";"10372";"4";"15";"0";"0";"Saint-Esprit";"1";"1";"0";"2";"0";"5";"1";"0";"0"
"97224";"Martinique";"Saint-Joseph";"16343";"8";"10";"3";"0";"Saint-Joseph";"5";"2";"1";"8";"0";"11";"0";"1";"1"
"97228";"Martinique";"Sainte-Marie";"14834";"17";"27";"2";"1";"Sainte-Marie";"6";"1";"2";"12";"1";"8";"0";"0";"1"
"97229";"Martinique";"Schœlcher";"19518";"20";"40";"3";"1";"Schœlcher";"8";"4";"0";"7";"1";"9";"2";"3";"2"
"97230";"Martinique";"La Trinité";"11914";"13";"37";"6";"1";"La Trinité";"6";"1";"2";"8";"1";"9";"1";"2";"2"
"97305";"Guyane";"Macouria";"19020";"3";"5";"0";"0";"Macouria";"2";"1";"0";"7";"0";"5";"0";"0";"3"
"97306";"Guyane";"Mana";"11886";"3";"4";"0";"0";"Mana";"2";"0";"0";"2";"0";"5";"0";"0";"2"
"97401";"La Réunion";"Les Avirons";"11661";"11";"32";"1";"3";"Les Avirons";"3";"1";"1";"3";"1";"4";"2";"0";"1"
"97402";"La Réunion";"Bras-Panon";"13559";"14";"19";"0";"0";"Bras-Panon";"5";"1";"0";"7";"2";"7";"3";"0";"3"
"97404";"La Réunion";"L'Étang-Salé";"14030";"17";"41";"4";"2";"L'Étang-Salé";"3";"3";"1";"7";"1";"8";"1";"1";"1"
"97405";"La Réunion";"Petite-Île";"12772";"13";"28";"1";"0";"Petite-Île";"1";"1";"1";"8";"0";"5";"3";"1";"1"
